"0","tapply(NEI$Emissions,NEI$year,median)
"
"1","       1999 "
"1","       2002 "
"1","       2005 "
"1","       2008 "
"1","
"
"1","0.040000000 "
"1","0.007164684 "
"1","0.006741885 "
"1","0.005273130 "
"1","
"
